,Normal
INTERNET,0.03435114503816794
CESS,0.6450381679389313
ACCESS_NETWORK_STATE,0.7480916030534351
NETWORK,0.7480916030534351
WAKE_LOCK,34.81011450381679
GE,41.68034351145038
STORAGE,66.50381679389314
WRITE,68.53435114503817
WRITE_EXTERNAL_STORAGE,75.88167938931298
ING,198.41221374045801
ACCESS_WIFI_STATE,198.41221374045801
LL,214.3854961832061
READ_EXTERNAL_STORAGE,233.80248091603053
VIBRATE,255.04675572519085
.BILLING,340.08492366412213
BILLING,340.08492366412213
ILLING,340.08492366412213
CEIVE,401.90935114503816
RECEIVE_BOOT_COMPLETE,408.12595419847327
BOOT_COMPLETED,408.12595419847327
RECEIVE_BOOT_COMPLETED,408.12595419847327
LOCATION,413.13358778625957
ACCESS_FINE_LOCATION,489.17557251908397
FINE_LOCATION,489.17557251908397
COARSE_LOCATION,504.3215648854962
ACCESS_COARSE_LOCATION,505.70992366412213
READ_PHONE_STATE,507.1001908396947
CAMERA,536.736641221374
GET_ACCOUNTS,598.5343511450382
RECORD_AUDIO,710.6574427480916
SYSTEM_ALERT_WINDOW,762.6297709923664
ND_SERVICE,772.9007633587786
FOREGROUND_SERVICE,772.9007633587786
USE_CREDENTIALS,781.5124045801526
BLUETOOTH,790.1717557251908
READ_CONTACTS,791.9093511450382
CHANGE_WIFI_STATE,805.8788167938932
GET_TASKS,834.1841603053435
MODIFY_AUDIO_SETTING,834.1841603053435
MODIFY_AUDIO_SETTINGS,834.1841603053435
MANAGE_ACCOUNTS,837.7566793893129
AUTHENTICATE_ACCOUNTS,864.7938931297709
READ_APP_BADGE,866.611641221374
WRITE_SETTINGS,873.9017175572519
CALL_PHONE,873.9017175572519
WRITE_SYNC_SETTINGS,903.3673664122138
CHANGE_NETWORK_STATE,914.5429389312977
READ_SYNC_SETTINGS,922.0314885496183
BLUETOOTH_ADMIN,923.9083969465648
WRITE_CONTACTS,940.8864503816794
INSTALL_PACKAGES,944.6803435114504
STALL_PACKAGES,944.6803435114504
DISABLE_KEYGUARD,948.4818702290077
REQUEST_INSTALL_PACKAGES,950.3854961832061
BROADCAST,959.9322519083969
.CHECK_LICENSE,967.6040076335878
BROADCAST_STICKY,969.5267175572519
USE_FINGERPRINT,969.5267175572519
DOWNLOAD_WITHOUT_NOTIFICATION,975.3062977099237
READ_PROFILE,979.1688931297709
MOUNT_UNMOUNT_FILESYSTEMS,983.0391221374045
NFC,984.9770992366413
CHANGE_WIFI_MULTICAST_STATE,986.9169847328244
SET_WALLPAPER,986.9169847328244
READ_SYNC_STATS,988.8587786259542
READ_CALENDAR,988.8587786259542
GET_PACKAGE_SIZE,992.7480916030535
FLASHLIGHT,992.7480916030535
READ_LOGS,996.6450381679389
SAGE,996.6450381679389
KILL_BACKGROUND_PROCESSE,998.5963740458016
KILL_BACKGROUND_PROCESSES,998.5963740458016
WRITE_CALENDAR,1000.5496183206106
ACCESS_LOCATION,1002.5047709923664
STATUS_BAR,1006.4208015267176
EXPAND_STATUS_BAR,1010.3444656488549
ACCESS_LOCATION_EXTRA_COMMANDS,1012.3091603053435
REORDER_TASKS,1014.2757633587786
WRITE_INTERNAL_STORAGE,1014.2757633587786
ACCESS_NOTIFICATION_POLICY,1016.2442748091603
RECEIVE_SMS,1016.2442748091603
PACKAGE_USAGE_STATS,1018.2146946564885
RESTART_PACKAGES,1018.2146946564885
SEND_SMS,1020.1870229007634
READ_SMS,1022.1612595419847
REQUEST_IGNORE_BATTERY_OPTIMIZATIONS,1022.1612595419847
BATTERY_STATS,1022.1612595419847
MANAGE_DOCUMENTS,1022.1612595419847
SET_WALLPAPER_HINTS,1022.1612595419847
MISSION,1024.1374045801526
PERMISSION,1026.1154580152672
READ_CALL_LOG,1026.1154580152672
INTERACT_ACROSS_USERS,1028.0954198473282
RECEIVE_MMS,1028.0954198473282
RECEIVE_USER_PRESENT,1028.0954198473282
USER_PRESENT,1028.0954198473282
OLLECT_METRICS,1030.0772900763359
_ACCESS,1030.0772900763359
ACCESS_GPS,1032.0610687022902
INTERACT_ACROSS_USERS_FULL,1032.0610687022902
WRITE_MEDIA_STORAGE,1034.046755725191
WRITE_MEDIA_STORAG,1034.046755725191
SUBSCRIBED_FEEDS_WRITE,1034.046755725191
CHANGE_CONFIGURATION,1034.046755725191
READ_USER_DICTIONARY,1034.046755725191
DEVICE_POWER,1034.046755725191
SUBSCRIBED_FEEDS_READ,1034.046755725191
WRITE_SMS,1036.0343511450383
_MESSAGE,1036.0343511450383
WRITE_USER_DICTIONARY,1036.0343511450383
WRITE_SECURE,1036.0343511450383
WRITE_SECURE_SETTINGS,1036.0343511450383
D_MESSAGE,1036.0343511450383
ANSWER_PHONE_CALLS,1036.0343511450383
2D_MESSAGE,1036.0343511450383
WRITE_CALL_LOG,1036.0343511450383
MANAGE_OWN_CALLS,1038.023854961832
_CONTENT,1038.023854961832
RECORD_VIDEO,1038.023854961832
PROCESS_OUTGOING_CALLS,1038.023854961832
MODIFY_PHONE_STATE,1038.023854961832
INSTALL_SHORTCUT,1038.023854961832
CLEAR_APP_CACHE,1038.023854961832
CAPTURE_VIDEO_OUTPUT,1038.023854961832
C2D_MESSAGE,1038.023854961832
ACCESS_WEATHERCLOCK_PROVIDER,1038.023854961832
ACCESS_DOWNLOAD_MANAGER,1038.023854961832
CONTENT,1038.023854961832
READ_SETTINGS,1040.0152671755725
READ_SOCIAL_STREAM,1040.0152671755725
READ_INTERNAL_STORAGE,1040.0152671755725
TRANSMIT_IR,1040.0152671755725
WRITE_SOCIAL_STREAM,1040.0152671755725
SYSTEM_OVERLAY_WINDOW,1040.0152671755725
PROVIDER_ACCESS,1040.0152671755725
PERSISTENT_ACTIVITY,1040.0152671755725
MEDIA_CONTENT_CONTROL,1040.0152671755725
INJECT_EVENTS,1040.0152671755725
DELETE_PACKAGES,1040.0152671755725
BIND_APPWIDGET,1040.0152671755725
BIND_ACCESSIBILITY_SERVICE,1040.0152671755725
ACCESS_COARSE_UPDATES,1040.0152671755725
USE_SIP,1042.0085877862596
UPDATE_APP_OPS_STATS,1042.0085877862596
TE_DATABASE,1042.0085877862596
RECEIVE_WAP_PUSH,1042.0085877862596
READ_PRIVILEGED_PHONE_STATE,1042.0085877862596
READ_OWNER_DATA,1042.0085877862596
READ_CLIPS,1042.0085877862596
MANAGE_USERS,1042.0085877862596
USE_BIOMETRIC,1042.0085877862596
GRANT_RUNTIME_PERMISSIONS,1042.0085877862596
GET_CLIPS,1042.0085877862596
FORCE_STOP_PACKAGES,1042.0085877862596
D_DATABASE,1042.0085877862596
BODY_SENSORS,1042.0085877862596
BLUETOOTH_PRIVILEGED,1042.0085877862596
ACCESS_ASSISTED_GPS,1042.0085877862596
INTERNAL_SYSTEM_WINDOW,1042.0085877862596
RUN_INSTRUMENTATION,1044.003816793893
REAL_GET_TASKS,1044.003816793893
READ_MEDIA_VIDEO,1044.003816793893
READ_CELL_BROADCASTS,1044.003816793893
READ_INSTALL_SESSIONS,1044.003816793893
SEND_DOWNLOAD_COMPLETED_INTENTS,1044.003816793893
QUICKBOOT_POWERON,1044.003816793893
READ_MEDIA_IMAGES,1044.003816793893
SET_ALARM,1044.003816793893
USE_FULL_SCREEN_INTENT,1044.003816793893
SET_TIME_ZONE,1044.003816793893
UPDATE_DEVICE_STATS,1044.003816793893
WRITE_CLIPS,1044.003816793893
WRITE_OWNER_DATA,1044.003816793893
WRITE_PROFILE,1044.003816793893
YMENT_BROADCAST_PERMISSION,1044.003816793893
_ACKED,1044.003816793893
PREVENT_POWER_KEY,1044.003816793893
SET_TIME,1044.003816793893
NOTIFICATION_ACCESS,1044.003816793893
READ_MEDIA_AUDIO,1044.003816793893
GET_INTENT_SENDER_INTENT,1044.003816793893
.C2D_MESSAGE,1044.003816793893
ACCESS_SUPERUSER,1044.003816793893
ACCESS_WIMAX_STATE,1044.003816793893
BIND_NOTIFICATION_LISTENER_SERVICE,1044.003816793893
BIND_WALLPAPER,1044.003816793893
BROADCAST_PACKAGE_ADDED,1044.003816793893
BROADCAST_PACKAGE_CHANGED,1044.003816793893
BROADCAST_PACKAGE_INSTALL,1044.003816793893
BROADCAST_PACKAGE_REPLACED,1044.003816793893
ACCESS_INSTANT_APPS,1044.003816793893
CAPTURE_SECURE_VIDEO_OUTPUT,1044.003816793893
CHANGE_WIMAX_STATE,1044.003816793893
CLEAR_APP_USER_DATA,1044.003816793893
CONFIGURE_WIFI_DISPLAY,1044.003816793893
MENT_BROADCAST_PERMISSION,1044.003816793893
CONTROL_INCALL_EXPERIENCE,1044.003816793893
DIA_BROWSER_SERVICE,1044.003816793893
GET_ACCOUNTS_PRIVILEGED,1044.003816793893
CALL_PRIVILEGED,1044.003816793893
READ_FRAME_BUFFER,1046.0009541984732
RAISED_THREAD_PRIORITY,1046.0009541984732
PERMISSIONS_STORAGE,1046.0009541984732
PAYMENT_BROADCAST_PERMISSION,1046.0009541984732
OVERRIDE_WIFI_CONFIG,1046.0009541984732
OS_ACKED,1046.0009541984732
OBSERVE_GRANT_REVOKE_PERMISSIONS,1046.0009541984732
LLER_ID_LOOKUP,1046.0009541984732
MMS_SEND_OUTBOX_MSG,1046.0009541984732
MANAGE_USB,1046.0009541984732
MANAGE_ACTIVITY_STACKS,1046.0009541984732
ITE_BADGES,1046.0009541984732
INSTANT_APP_FOREGROUND_SERVICE,1046.0009541984732
INLI_DEVICE_SERVICE,1046.0009541984732
READ_NETWORK_USAGE_HISTORY,1046.0009541984732
NNECTIVITY_CHANGE,1046.0009541984732
READ_PERMISSION,1046.0009541984732
STOP_APP_SWITCHES,1046.0009541984732
REQUEST_EXTERNAL_STORAGE,1046.0009541984732
WRITE_APP_BADGE,1046.0009541984732
WRITE_APN_SETTINGS,1046.0009541984732
USE_FACERECOGNITION,1046.0009541984732
USB_PERMISSION,1046.0009541984732
UNINSTALL_SHORTCUT,1046.0009541984732
TENT_LIBRARY,1046.0009541984732
SUBSTITUTE_NOTIFICATION_APP_NAME,1046.0009541984732
FREEZE_SCREEN,1046.0009541984732
STATUS_BAR_SERVICE,1046.0009541984732
STALL_LWC,1046.0009541984732
SET_PROCESS_LIMIT,1046.0009541984732
SET_PREFERRED_APPLICATIONS,1046.0009541984732
SET_DEBUG_APP,1046.0009541984732
SET_ANIMATION_SCALE,1046.0009541984732
RIVACY_MODE,1046.0009541984732
REQUEST_DELETE_PACKAGES,1046.0009541984732
FLAG_SHOW_WHEN_LOCKED,1046.0009541984732
O_COMPONENT_SAFE,1046.0009541984732
FI_STATE_CHANGED,1046.0009541984732
ACCESS_SHARED_DATA,1046.0009541984732
ACCESS_MOCK_LOCATION,1046.0009541984732
ACCESS_KEYGUARD_SECURE_STORAGE,1046.0009541984732
ACCESS_CORSE_LOCATION,1046.0009541984732
ACCESS_CACHE_FILESYSTEM,1046.0009541984732
ACCESS_BLUETOOTH_SHARE,1046.0009541984732
ACCESS_ALL_DOWNLOADS,1046.0009541984732
.WRITE_DATABASE,1046.0009541984732
.USE_BIOMETRIC,1046.0009541984732
.RESTRICT_ACCESS,1046.0009541984732
.RECEIVE_SMS,1046.0009541984732
.READ_DATABASE,1046.0009541984732
.BATTERY_STATS,1046.0009541984732
.ACCESS_COARSE_LOCATION,1046.0009541984732
FLAG_GRANT_READ_URI_PERMISSION,1046.0009541984732
ACCESS_SURFACE_FLINGER,1046.0009541984732
ACCOUNT_MANAGER,1046.0009541984732
.WRITE_EXTERNAL_STORAGE,1046.0009541984732
AD_PERMISSION,1046.0009541984732
D_STEPS,1046.0009541984732
ACTION_MANAGE_OVERLAY_PERMISSION,1046.0009541984732
DB,1046.0009541984732
CONTROL_KEYGUARD,1046.0009541984732
CONNECTIVITY_INTERNAL,1046.0009541984732
CHANGE_COMPONENT_ENABLED_STATE,1046.0009541984732
CAPTURE_AUDIO_OUTPUT,1046.0009541984732
BIND_VOICE_INTERACTION,1046.0009541984732
CONFIGURE_SIP,1046.0009541984732
BIND_REMOTEVIEWS,1046.0009541984732
BIND_JOB_SERVICE,1046.0009541984732
BIND_DIRECTORY_SEARCH,1046.0009541984732
BIND_DEVICE_ADMIN,1046.0009541984732
BAIDU_LOCATION_SERVICE,1046.0009541984732
ALLOW_ANY_CODEC_FOR_PLAYBACK,1046.0009541984732
APP_PLATFORM,1046.0009541984732
NATIVEDIALER,1048.0
NTENT_ACTION_NOTIFICATION_ACCESS,1048.0
ONTROL_SERVICE,1048.0
PEERS_MAC_ADDRESS,1048.0
PERSISTENT_NAME,1048.0
PERMISSION_NAME,1048.0
PROCESS_INCOMING_CALLS,1048.0
MOUNT_FORMAT_FILESYSTEMS,1048.0
OTA,1048.0
MASTER_CLEAR,1048.0
HARDWARE_TEST,1048.0
MANAGE_APP_TOKENS,1048.0
LOCATION_HARDWARE,1048.0
INSTALL_LOCATION_PROVIDER,1048.0
INSTALL_DRM,1048.0
INK,1048.0
GLOBAL_SEARCH_CONTROL,1048.0
GLOBAL_SEARCH,1048.0
PROFILER,1048.0
GET_TOP_ACTIVITY_INFO,1048.0
MANAGE_LOCATION_POLICY,1048.0
RADE_EXTERNAL_STORAGE,1048.0
TOS_ACKED,1048.0
READ_HISTORY_BOOKMARKS,1048.0
GETTASKS,1048.0
WRITE_HISTORY_BOOKMARKS,1048.0
Y_EXTENSIONS,1048.0
WRITE_GSERVICES,1048.0
WRITE_APN_STORAGE,1048.0
USES_POLICY_FORCE_LOCK,1048.0
SIM_STATE_READY,1048.0
SIGNAL_PERSISTENT_PROCESSES,1048.0
SHUTDOWN,1048.0
SET_WALLPAPER_COMPONENT,1048.0
SET_PROCESS_FOREGROUND,1048.0
SET_POINTER_SPEED,1048.0
SET_ORIENTATION,1048.0
SET_ALWAYS_FINISH,1048.0
SET_ACTIVITY_WATCHER,1048.0
RECEIVE_SENDTO,1048.0
RECEIVE_EMERGENCY_BROADCAST,1048.0
RECEIVE_DM_REGISTER_SMS,1048.0
REBOOT,1048.0
READ_SECURE_SETTINGS,1048.0
READ_INPUT_STATE,1048.0
READ_EXTERNAL_STORFAGE,1048.0
GAME_SERVICE_PERMISSION,1048.0
.ACCESS_DOWNLOAD_MANAGER_ADVANCED,1048.0
FACTORY_TEST,1048.0
ACCESS_MTK_MMHW,1048.0
ACCESS_LOCATTON_MOCK_LOCATION,1048.0
ACCESS_LAUNCHER_DATA,1048.0
ACCESS_FIND_LOCATION,1048.0
ACCESS_DRM,1048.0
ACCESS_DOWNLOAD_MANAGER_ADVANCED,1048.0
ACCESS_COURSE_LOCATION,1048.0
ACCESS_COARWAKE_LOCKSE_LOCATION,1048.0
ACCESS_CHECKIN_PROPERTTES,1048.0
ACCESS_CHECKIN_PROPERTIES,1048.0
ACCESS_BROWSER,1048.0
ACCESS_BACKGROUND_SERVICE,1048.0
ACCESSFINELOCATION,1048.0
ACCESSCOARSELOCATION,1048.0
.SYNC,1048.0
.SEND_DOWNLOAD_COMPLETED_INTENTS,1048.0
.READ_EXTERNAL_STORAGE,1048.0
.LIBRARY,1048.0
.CONFIG,1048.0
.ACCESS_DOWNLOAD_MANAGER,1048.0
_ADM_MESSAGE,1048.0
ACCESS_PHONE_SUB_INFO,1048.0
FORCE_BACK,1048.0
ACCESS_WAKE_LOCK,1048.0
ACTION_BOOT_COMPLETED,1048.0
EVICE_STATE,1048.0
ESS_RECORDS,1048.0
ESS_BLE_SETTINGS,1048.0
ECEIVE_MESSAGE,1048.0
DUMP,1048.0
DIAGNOSTIC,1048.0
DEVICE_ADMIN_ENABLE,1048.0
DELETE_CACHE_FILES,1048.0
CONTROL_LOCATION_UPDATES,1048.0
CEIVE_BROADCASTS,1048.0
CAPTURE_AUDIO_HOTWORD,1048.0
BSTRATE,1048.0
BROADCAST_WAP_PUSH,1048.0
BROADCAST_SMS,1048.0
BROADCAST_PACKAGE_REMOVED,1048.0
BRICK,1048.0
BIND_INPUT_METHOD,1048.0
BACKUP_DATA,1048.0
BACKUP,1048.0
ADD_SYSTEM_SERVICE,1048.0
ACTION_HEADSET_PLUG,1048.0
ACCES_MOCK_LOCATION,1048.0
_IMMEDIATE_ALERT,1048.0
Class,
