,0,1
347,0.42537568634494594,WRITE_EXTERNAL_STORAGE
315,0.4239362281440705,STORAGE
56,0.40091100238084104,ACCESS_WIFI_STATE
339,0.3991908421340144,WRITE
156,0.38299245889330424,GE
186,0.35723927073270834,LL
108,0.35382158635666333,CEIVE
88,0.33127943603929066,BOOT_COMPLETED
270,0.33107300264186423,RECEIVE_BOOT_COMPLETE
271,0.33107300264186423,RECEIVE_BOOT_COMPLETED
338,0.3295655476391758,WAKE_LOCK
170,0.3199656773961352,ING
337,0.31191082369443457,VIBRATE
48,0.2821898037826796,ACCESS_NETWORK_STATE
210,0.2817015919117652,NETWORK
258,0.27657139266579234,READ_PHONE_STATE
188,0.25593582470528903,LOCATION
110,0.24241989593876254,CESS
119,0.21226434843701342,COARSE_LOCATION
29,0.2119149911217844,ACCESS_COARSE_LOCATION
263,0.2109168128785794,READ_SMS
291,0.19995854117006134,SEND_SMS
146,0.19548906962985169,FINE_LOCATION
38,0.19548906962985169,ACCESS_FINE_LOCATION
244,0.19255056288916736,READ_EXTERNAL_STORAGE
276,0.18292843478940118,RECEIVE_SMS
243,0.16191352297923986,READ_CONTACTS
358,0.15861714199127663,WRITE_SMS
163,0.12957577632513384,GET_TASKS
115,0.12955185758212834,CHANGE_WIFI_STATE
73,0.12467733494935586,BILLING
169,0.12467733494935586,ILLING
4,0.12467733494935586,.BILLING
182,0.11553214884062066,INTERNET
101,0.11191147221094731,CALL_PHONE
158,0.09405631022802002,GET_ACCOUNTS
319,0.08896839589392724,SYSTEM_ALERT_WINDOW
103,0.08626676070590161,CAMERA
346,0.0754057578801272,WRITE_CONTACTS
357,0.07324081750862407,WRITE_SETTINGS
286,0.06382478511664326,RESTART_PACKAGES
251,0.06362914595174245,READ_LOGS
207,0.057341187825813114,MOUNT_UNMOUNT_FILESYSTEMS
134,0.055181777775487426,DISABLE_KEYGUARD
113,0.05402800498064857,CHANGE_NETWORK_STATE
340,0.050880236801982386,WRITE_APN_SETTINGS
279,0.04361583424800821,RECORD_AUDIO
84,0.03277674507718042,BLUETOOTH
311,0.03147271337576211,STALL_PACKAGES
176,0.030726203233398187,INSTALL_PACKAGES
43,0.023802074868802817,ACCESS_LOCATION
332,0.023623712051084978,USE_CREDENTIALS
203,0.020818784848571904,MODIFY_AUDIO_SETTING
204,0.020818784848571904,MODIFY_AUDIO_SETTINGS
304,0.018035589295217667,SET_WALLPAPER
190,0.017088964632382964,MANAGE_ACCOUNTS
232,0.016430604209499922,PROCESS_OUTGOING_CALLS
44,0.015359324337195404,ACCESS_LOCATION_EXTRA_COMMANDS
90,0.013954939445673692,BROADCAST
68,0.012164433685783,AUTHENTICATE_ACCOUNTS
85,0.010389887597051561,BLUETOOTH_ADMIN
205,0.009241877837757796,MODIFY_PHONE_STATE
274,0.009230787640848887,RECEIVE_MMS
185,0.008854348626803406,KILL_BACKGROUND_PROCESSES
184,0.008854348626803406,KILL_BACKGROUND_PROCESSE
360,0.008385291773025279,WRITE_SYNC_SETTINGS
97,0.007455447925890938,BROADCAST_STICKY
265,0.006583622304599512,READ_SYNC_SETTINGS
278,0.005810936308369801,RECEIVE_WAP_PUSH
112,0.00508545682540882,CHANGE_CONFIGURATION
240,0.004842138831705866,READ_CALL_LOG
312,0.00421501353608623,STATUS_BAR
356,0.003696931821503758,WRITE_SECURE_SETTINGS
355,0.003696931821503758,WRITE_SECURE
135,0.0036596732157167453,DOWNLOAD_WITHOUT_NOTIFICATION
162,0.0035386856623587167,GET_PACKAGE_SIZE
144,0.003535371342347115,EXPAND_STATUS_BAR
6,0.0031258539709708624,.CHECK_LICENSE
72,0.003086975103900014,BATTERY_STATS
260,0.0030840138306392944,READ_PROFILE
39,0.0029853136103339005,ACCESS_GPS
150,0.0026206848241022073,FLASHLIGHT
129,0.0025745734341947085,DELETE_PACKAGES
239,0.0023349145707645897,READ_CALENDAR
131,0.0022616152766333436,DEVICE_POWER
329,0.0021829141773859312,USER_PRESENT
344,0.0021414825215792413,WRITE_CALL_LOG
117,0.0019378394990725379,CLEAR_APP_CACHE
114,0.0019371170921264414,CHANGE_WIFI_MULTICAST_STATE
211,0.001900877539036182,NFC
34,0.0018507760329687039,ACCESS_DOWNLOAD_MANAGER
277,0.001838202226614134,RECEIVE_USER_PRESENT
306,0.0018092791306472352,SET_WALLPAPER_HINTS
266,0.0017101338407719301,READ_SYNC_STATS
289,0.0015286252996544966,SAGE
343,0.0012558627838574416,WRITE_CALENDAR
30,0.0011982709447810418,ACCESS_COARSE_UPDATES
320,0.0010588887588489145,SYSTEM_OVERLAY_WINDOW
281,0.001010257372765423,REORDER_TASKS
46,0.0007662058217669644,ACCESS_MOCK_LOCATION
222,0.0006534087519373113,PACKAGE_USAGE_STATS
350,0.0006154223953316223,WRITE_INTERNAL_STORAGE
262,0.0005807735399113577,READ_SETTINGS
327,0.0005011066907315026,UPDATE_DEVICE_STATS
201,0.0004141865755179985,MISSION
102,0.000406822487464659,CALL_PRIVILEGED
179,0.00038512676293053484,INTERACT_ACROSS_USERS
256,0.0003755851582009284,READ_OWNER_DATA
225,0.00036990671656335,PERMISSION
193,0.00036821756633112165,MANAGE_DOCUMENTS
228,0.0003507504077498032,PERSISTENT_ACTIVITY
288,0.0003215008420355916,RUN_INSTRUMENTATION
180,0.0003124233711969799,INTERACT_ACROSS_USERS_FULL
364,0.00021029032431757317,_ACCESS
267,0.00014421282818114238,READ_USER_DICTIONARY
71,0.00014142509177430477,BAIDU_LOCATION_SERVICE
181,0.00013519029170341,INTERNAL_SYSTEM_WINDOW
316,0.00013138347294461077,SUBSCRIBED_FEEDS_READ
317,0.00013138347294461077,SUBSCRIBED_FEEDS_WRITE
302,0.00012262826969369146,SET_TIME
52,0.00012262826969369146,ACCESS_SUPERUSER
351,0.00011554784280266538,WRITE_MEDIA_STORAG
352,0.00011554784280266538,WRITE_MEDIA_STORAGE
171,0.0001060399964630604,INJECT_EVENTS
361,0.00010348729247438955,WRITE_USER_DICTIONARY
369,0.00010348729247438955,_MESSAGE
353,9.83534560303336e-05,WRITE_OWNER_DATA
303,9.83534560303336e-05,SET_TIME_ZONE
177,9.200377979041283e-05,INSTALL_SHORTCUT
138,8.765166233244416e-05,D_MESSAGE
74,7.141642732583231e-05,BIND_ACCESSIBILITY_SERVICE
326,7.058897078835072e-05,UPDATE_APP_OPS_STATS
336,7.058897078835072e-05,USE_SIP
301,6.867667109172049e-05,SET_PROCESS_LIMIT
111,6.867667109172049e-05,CHANGE_COMPONENT_ENABLED_STATE
296,6.867667109172049e-05,SET_DEBUG_APP
26,6.867667109172049e-05,ACCESS_CACHE_FILESYSTEM
280,6.333879441193582e-05,RECORD_VIDEO
359,5.858707208930068e-05,WRITE_SOCIAL_STREAM
264,5.858707208930068e-05,READ_SOCIAL_STREAM
293,5.802694877863216e-05,SET_ALARM
290,5.802694877863216e-05,SEND_DOWNLOAD_COMPLETED_INTENTS
118,5.802694877863216e-05,CLEAR_APP_USER_DATA
24,4.9913189121503846e-05,ACCESS_BLUETOOTH_SHARE
250,4.895341751902987e-05,READ_INTERNAL_STORAGE
75,4.2751441947355297e-05,BIND_APPWIDGET
354,4.216686161162072e-05,WRITE_PROFILE
237,3.4053101954492396e-05,RAISED_THREAD_PRIORITY
295,3.4053101954492396e-05,SET_ANIMATION_SCALE
299,3.4053101954492396e-05,SET_PREFERRED_APPLICATIONS
152,3.226587381453683e-05,FORCE_STOP_PACKAGES
91,2.9337506375089087e-05,BROADCAST_PACKAGE_ADDED
86,2.606389824286225e-05,BLUETOOTH_PRIVILEGED
57,1.9703851804818277e-05,ACCESS_WIMAX_STATE
93,1.9703851804818277e-05,BROADCAST_PACKAGE_INSTALL
116,1.9703851804818277e-05,CHANGE_WIMAX_STATE
95,1.9703851804818277e-05,BROADCAST_PACKAGE_REPLACED
200,1.35018762331437e-05,MENT_BROADCAST_PERMISSION
83,1.35018762331437e-05,BIND_WALLPAPER
268,1.35018762331437e-05,REAL_GET_TASKS
53,1.159009214768996e-05,ACCESS_SURFACE_FLINGER
76,1.159009214768996e-05,BIND_DEVICE_ADMIN
246,1.159009214768996e-05,READ_FRAME_BUFFER
255,5.388116576015382e-06,READ_NETWORK_USAGE_HISTORY
139,5.388116576015382e-06,D_STEPS
325,5.388116576015382e-06,UNINSTALL_SHORTCUT
120,5.388116576015382e-06,CONFIGURE_SIP
64,5.388116576015382e-06,AD_PERMISSION
273,0.0,RECEIVE_EMERGENCY_BROADCAST
62,0.0,ACTION_MANAGE_OVERLAY_PERMISSION
49,0.0,ACCESS_NOTIFICATION_POLICY
59,0.0,ACCOUNT_MANAGER
60,0.0,ACTION_BOOT_COMPLETED
61,0.0,ACTION_HEADSET_PLUG
297,0.0,SET_ORIENTATION
298,0.0,SET_POINTER_SPEED
300,0.0,SET_PROCESS_FOREGROUND
283,0.0,REQUEST_EXTERNAL_STORAGE
50,0.0,ACCESS_PHONE_SUB_INFO
37,0.0,ACCESS_FIND_LOCATION
261,0.0,READ_SECURE_SETTINGS
36,0.0,ACCESS_DRM
305,0.0,SET_WALLPAPER_COMPONENT
63,0.0,ADD_SYSTEM_SERVICE
58,0.0,ACCES_MOCK_LOCATION
294,0.0,SET_ALWAYS_FINISH
275,0.0,RECEIVE_SENDTO
292,0.0,SET_ACTIVITY_WATCHER
54,0.0,ACCESS_WAKE_LOCK
40,0.0,ACCESS_INSTANT_APPS
51,0.0,ACCESS_SHARED_DATA
47,0.0,ACCESS_MTK_MMHW
282,0.0,REQUEST_DELETE_PACKAGES
55,0.0,ACCESS_WEATHERCLOCK_PROVIDER
272,0.0,RECEIVE_DM_REGISTER_SMS
41,0.0,ACCESS_KEYGUARD_SECURE_STORAGE
42,0.0,ACCESS_LAUNCHER_DATA
287,0.0,RIVACY_MODE
45,0.0,ACCESS_LOCATTON_MOCK_LOCATION
285,0.0,REQUEST_INSTALL_PACKAGES
284,0.0,REQUEST_IGNORE_BATTERY_OPTIMIZATIONS
269,0.0,REBOOT
126,0.0,CONTROL_LOCATION_UPDATES
35,0.0,ACCESS_DOWNLOAD_MANAGER_ADVANCED
307,0.0,SHUTDOWN
341,0.0,WRITE_APN_STORAGE
342,0.0,WRITE_APP_BADGE
17,0.0,.WRITE_EXTERNAL_STORAGE
16,0.0,.WRITE_DATABASE
345,0.0,WRITE_CLIPS
15,0.0,.USE_BIOMETRIC
14,0.0,.SYNC
348,0.0,WRITE_GSERVICES
349,0.0,WRITE_HISTORY_BOOKMARKS
13,0.0,.SEND_DOWNLOAD_COMPLETED_INTENTS
12,0.0,.RESTRICT_ACCESS
11,0.0,.RECEIVE_SMS
10,0.0,.READ_EXTERNAL_STORAGE
9,0.0,.READ_DATABASE
8,0.0,.LIBRARY
7,0.0,.CONFIG
5,0.0,.C2D_MESSAGE
3,0.0,.BATTERY_STATS
362,0.0,YMENT_BROADCAST_PERMISSION
363,0.0,Y_EXTENSIONS
2,0.0,.ACCESS_DOWNLOAD_MANAGER_ADVANCED
365,0.0,_ACKED
366,0.0,_ADM_MESSAGE
367,0.0,_CONTENT
368,0.0,_IMMEDIATE_ALERT
18,0.0,2D_MESSAGE
19,0.0,ACCESSCOARSELOCATION
20,0.0,ACCESSFINELOCATION
25,0.0,ACCESS_BROWSER
308,0.0,SIGNAL_PERSISTENT_PROCESSES
309,0.0,SIM_STATE_READY
310,0.0,STALL_LWC
33,0.0,ACCESS_COURSE_LOCATION
32,0.0,ACCESS_CORSE_LOCATION
313,0.0,STATUS_BAR_SERVICE
314,0.0,STOP_APP_SWITCHES
259,0.0,READ_PRIVILEGED_PHONE_STATE
28,0.0,ACCESS_CHECKIN_PROPERTTES
27,0.0,ACCESS_CHECKIN_PROPERTIES
318,0.0,SUBSTITUTE_NOTIFICATION_APP_NAME
321,0.0,TENT_LIBRARY
21,0.0,ACCESS_ALL_DOWNLOADS
322,0.0,TE_DATABASE
323,0.0,TOS_ACKED
324,0.0,TRANSMIT_IR
328,0.0,USB_PERMISSION
23,0.0,ACCESS_BACKGROUND_SERVICE
330,0.0,USES_POLICY_FORCE_LOCK
331,0.0,USE_BIOMETRIC
22,0.0,ACCESS_ASSISTED_GPS
333,0.0,USE_FACERECOGNITION
334,0.0,USE_FINGERPRINT
335,0.0,USE_FULL_SCREEN_INTENT
31,0.0,ACCESS_COARWAKE_LOCKSE_LOCATION
248,0.0,READ_INPUT_STATE
257,0.0,READ_PERMISSION
174,0.0,INSTALL_DRM
107,0.0,CAPTURE_VIDEO_OUTPUT
164,0.0,GET_TOP_ACTIVITY_INFO
165,0.0,GLOBAL_SEARCH
166,0.0,GLOBAL_SEARCH_CONTROL
167,0.0,GRANT_RUNTIME_PERMISSIONS
168,0.0,HARDWARE_TEST
106,0.0,CAPTURE_SECURE_VIDEO_OUTPUT
105,0.0,CAPTURE_AUDIO_OUTPUT
104,0.0,CAPTURE_AUDIO_HOTWORD
172,0.0,INK
173,0.0,INLI_DEVICE_SERVICE
175,0.0,INSTALL_LOCATION_PROVIDER
161,0.0,GET_INTENT_SENDER_INTENT
100,0.0,C2D_MESSAGE
178,0.0,INSTANT_APP_FOREGROUND_SERVICE
99,0.0,BSTRATE
98,0.0,BROADCAST_WAP_PUSH
96,0.0,BROADCAST_SMS
183,0.0,ITE_BADGES
94,0.0,BROADCAST_PACKAGE_REMOVED
1,0.0,.ACCESS_DOWNLOAD_MANAGER
187,0.0,LLER_ID_LOOKUP
92,0.0,BROADCAST_PACKAGE_CHANGED
189,0.0,LOCATION_HARDWARE
109,0.0,CEIVE_BROADCASTS
160,0.0,GET_CLIPS
65,0.0,ALLOW_ANY_CODEC_FOR_PLAYBACK
141,0.0,ESS_BLE_SETTINGS
128,0.0,DELETE_CACHE_FILES
125,0.0,CONTROL_KEYGUARD
130,0.0,DEVICE_ADMIN_ENABLE
124,0.0,CONTROL_INCALL_EXPERIENCE
132,0.0,DIAGNOSTIC
133,0.0,DIA_BROWSER_SERVICE
123,0.0,CONTENT
122,0.0,CONNECTIVITY_INTERNAL
136,0.0,DUMP
137,0.0,D_DATABASE
140,0.0,ECEIVE_MESSAGE
142,0.0,ESS_RECORDS
159,0.0,GET_ACCOUNTS_PRIVILEGED
143,0.0,EVICE_STATE
121,0.0,CONFIGURE_WIFI_DISPLAY
145,0.0,FACTORY_TEST
147,0.0,FI_STATE_CHANGED
148,0.0,FLAG_GRANT_READ_URI_PERMISSION
149,0.0,FLAG_SHOW_WHEN_LOCKED
151,0.0,FORCE_BACK
153,0.0,FOREGROUND_SERVICE
154,0.0,FREEZE_SCREEN
155,0.0,GAME_SERVICE_PERMISSION
157,0.0,GETTASKS
191,0.0,MANAGE_ACTIVITY_STACKS
192,0.0,MANAGE_APP_TOKENS
89,0.0,BRICK
70,0.0,BACKUP_DATA
77,0.0,BIND_DIRECTORY_SEARCH
226,0.0,PERMISSIONS_STORAGE
227,0.0,PERMISSION_NAME
229,0.0,PERSISTENT_NAME
230,0.0,PREVENT_POWER_KEY
231,0.0,PROCESS_INCOMING_CALLS
233,0.0,PROFILER
234,0.0,PROVIDER_ACCESS
235,0.0,QUICKBOOT_POWERON
236,0.0,RADE_EXTERNAL_STORAGE
238,0.0,READ_APP_BADGE
241,0.0,READ_CELL_BROADCASTS
194,0.0,MANAGE_LOCATION_POLICY
242,0.0,READ_CLIPS
69,0.0,BACKUP
67,0.0,APP_PLATFORM
245,0.0,READ_EXTERNAL_STORFAGE
247,0.0,READ_HISTORY_BOOKMARKS
127,0.0,DB
249,0.0,READ_INSTALL_SESSIONS
66,0.0,ANSWER_PHONE_CALLS
252,0.0,READ_MEDIA_AUDIO
253,0.0,READ_MEDIA_IMAGES
254,0.0,READ_MEDIA_VIDEO
224,0.0,PEERS_MAC_ADDRESS
223,0.0,PAYMENT_BROADCAST_PERMISSION
78,0.0,BIND_INPUT_METHOD
221,0.0,O_COMPONENT_SAFE
195,0.0,MANAGE_OWN_CALLS
196,0.0,MANAGE_USB
197,0.0,MANAGE_USERS
198,0.0,MASTER_CLEAR
199,0.0,MEDIA_CONTENT_CONTROL
87,0.0,BODY_SENSORS
202,0.0,MMS_SEND_OUTBOX_MSG
82,0.0,BIND_VOICE_INTERACTION
206,0.0,MOUNT_FORMAT_FILESYSTEMS
81,0.0,BIND_REMOTEVIEWS
208,0.0,NATIVEDIALER
209,0.0,ND_SERVICE
80,0.0,BIND_NOTIFICATION_LISTENER_SERVICE
79,0.0,BIND_JOB_SERVICE
212,0.0,NNECTIVITY_CHANGE
213,0.0,NOTIFICATION_ACCESS
214,0.0,NTENT_ACTION_NOTIFICATION_ACCESS
215,0.0,OBSERVE_GRANT_REVOKE_PERMISSIONS
216,0.0,OLLECT_METRICS
217,0.0,ONTROL_SERVICE
218,0.0,OS_ACKED
219,0.0,OTA
220,0.0,OVERRIDE_WIFI_CONFIG
0,0.0,.ACCESS_COARSE_LOCATION
